date,municipio,geo_code,geo_level,dormidas
2020-01-01,Alcochete,1701502,Município,1999
2020-02-01,Alcochete,1701502,Município,2530
2020-03-01,Alcochete,1701502,Município,1307
2020-06-01,Alcochete,1701502,Município,861
2020-07-01,Alcochete,1701502,Município,2971
2020-08-01,Alcochete,1701502,Município,4759
2020-09-01,Alcochete,1701502,Município,3417
2020-10-01,Alcochete,1701502,Município,1850
2020-11-01,Alcochete,1701502,Município,1259
2020-12-01,Alcochete,1701502,Município,1923
2021-02-01,Alcochete,1701502,Município,442
2021-03-01,Alcochete,1701502,Município,673
2021-04-01,Alcochete,1701502,Município,1106
2021-05-01,Alcochete,1701502,Município,1483
2021-06-01,Alcochete,1701502,Município,1989
2021-07-01,Alcochete,1701502,Município,2342
2021-08-01,Alcochete,1701502,Município,4630
2021-10-01,Alcochete,1701502,Município,3047
2021-11-01,Alcochete,1701502,Município,2225
2021-12-01,Alcochete,1701502,Município,1755
2022-01-01,Alcochete,1701502,Município,1503
2022-02-01,Alcochete,1701502,Município,2159
2022-03-01,Alcochete,1701502,Município,1955
2022-04-01,Alcochete,1701502,Município,3632
2022-05-01,Alcochete,1701502,Município,3039
2022-06-01,Alcochete,1701502,Município,3839
2022-07-01,Alcochete,1701502,Município,5205
2022-08-01,Alcochete,1701502,Município,6863
2022-09-01,Alcochete,1701502,Município,4049
2022-10-01,Alcochete,1701502,Município,4041
2022-11-01,Alcochete,1701502,Município,2155
2022-12-01,Alcochete,1701502,Município,2509
2023-01-01,Alcochete,1701502,Município,1565
2023-02-01,Alcochete,1701502,Município,1822
2023-03-01,Alcochete,1701502,Município,1990
2023-04-01,Alcochete,1701502,Município,2923
2023-05-01,Alcochete,1701502,Município,3148
2023-06-01,Alcochete,1701502,Município,3511
2023-07-01,Alcochete,1701502,Município,5147
2023-08-01,Alcochete,1701502,Município,9987
2023-09-01,Alcochete,1701502,Município,7745
2024-01-01,Alcochete,1701502,Município,3078
2024-02-01,Alcochete,1701502,Município,3617
2024-03-01,Alcochete,1701502,Município,4499
2024-04-01,Alcochete,1701502,Município,5898
2024-05-01,Alcochete,1701502,Município,7310
2024-06-01,Alcochete,1701502,Município,5982
2024-07-01,Alcochete,1701502,Município,7024
2024-08-01,Alcochete,1701502,Município,11477
2024-09-01,Alcochete,1701502,Município,7567
2024-10-01,Alcochete,1701502,Município,6843
2024-11-01,Alcochete,1701502,Município,4737
2024-12-01,Alcochete,1701502,Município,4432
2025-01-01,Alcochete,1701502,Município,3566
2025-03-01,Alcochete,1701502,Município,4462
2025-04-01,Alcochete,1701502,Município,7479
2025-05-01,Alcochete,1701502,Município,7903
2025-06-01,Alcochete,1701502,Município,8879
2025-07-01,Alcochete,1701502,Município,10472
2025-08-01,Alcochete,1701502,Município,12961
2025-09-01,Alcochete,1701502,Município,8521
2025-10-01,Alcochete,1701502,Município,8508
2025-11-01,Alcochete,1701502,Município,5516
2025-12-01,Alcochete,1701502,Município,4413
2026-01-01,Alcochete,1701502,Município,3654
2026-02-01,Alcochete,1701502,Município,5134
2020-01-01,Almada,1701503,Município,25318
2020-02-01,Almada,1701503,Município,28786
2020-03-01,Almada,1701503,Município,14144
2020-04-01,Almada,1701503,Município,1273
2020-05-01,Almada,1701503,Município,2983
2020-06-01,Almada,1701503,Município,8438
2020-07-01,Almada,1701503,Município,18881
2020-08-01,Almada,1701503,Município,38665
2020-09-01,Almada,1701503,Município,22227
2020-10-01,Almada,1701503,Município,14875
2020-11-01,Almada,1701503,Município,7591
2020-12-01,Almada,1701503,Município,9106
2021-01-01,Almada,1701503,Município,8389
2021-02-01,Almada,1701503,Município,5555
2021-03-01,Almada,1701503,Município,4367
2021-04-01,Almada,1701503,Município,7348
2021-05-01,Almada,1701503,Município,16098
2021-06-01,Almada,1701503,Município,26631
2021-07-01,Almada,1701503,Município,28696
2021-08-01,Almada,1701503,Município,50641
2021-09-01,Almada,1701503,Município,30631
2021-10-01,Almada,1701503,Município,34509
2021-11-01,Almada,1701503,Município,22926
2021-12-01,Almada,1701503,Município,15056
2022-01-01,Almada,1701503,Município,9679
2022-02-01,Almada,1701503,Município,14752
2022-03-01,Almada,1701503,Município,23884
2022-04-01,Almada,1701503,Município,31156
2022-05-01,Almada,1701503,Município,33971
2022-06-01,Almada,1701503,Município,38181
2022-07-01,Almada,1701503,Município,44256
2022-08-01,Almada,1701503,Município,43659
2022-09-01,Almada,1701503,Município,38641
2022-10-01,Almada,1701503,Município,35790
2022-11-01,Almada,1701503,Município,22279
2022-12-01,Almada,1701503,Município,16358
2023-01-01,Almada,1701503,Município,16830
2023-02-01,Almada,1701503,Município,18951
2023-03-01,Almada,1701503,Município,29406
2023-04-01,Almada,1701503,Município,40061
2023-05-01,Almada,1701503,Município,43866
2023-06-01,Almada,1701503,Município,46319
2023-07-01,Almada,1701503,Município,52533
2023-08-01,Almada,1701503,Município,59244
2023-09-01,Almada,1701503,Município,46692
2023-10-01,Almada,1701503,Município,43157
2023-11-01,Almada,1701503,Município,26167
2023-12-01,Almada,1701503,Município,21166
2024-01-01,Almada,1701503,Município,16172
2024-02-01,Almada,1701503,Município,24377
2024-03-01,Almada,1701503,Município,39844
2024-04-01,Almada,1701503,Município,41883
2024-05-01,Almada,1701503,Município,47778
2024-06-01,Almada,1701503,Município,48666
2024-07-01,Almada,1701503,Município,56717
2024-08-01,Almada,1701503,Município,64422
2024-09-01,Almada,1701503,Município,50376
2024-10-01,Almada,1701503,Município,46995
2024-11-01,Almada,1701503,Município,30556
2024-12-01,Almada,1701503,Município,22547
2025-01-01,Almada,1701503,Município,20832
2025-02-01,Almada,1701503,Município,29009
2025-03-01,Almada,1701503,Município,37927
2025-04-01,Almada,1701503,Município,47145
2025-05-01,Almada,1701503,Município,50064
2025-06-01,Almada,1701503,Município,47186
2025-07-01,Almada,1701503,Município,57084
2025-08-01,Almada,1701503,Município,66609
2025-09-01,Almada,1701503,Município,52299
2025-10-01,Almada,1701503,Município,47201
2025-11-01,Almada,1701503,Município,32038
2025-12-01,Almada,1701503,Município,23353
2026-01-01,Almada,1701503,Município,20253
2026-02-01,Almada,1701503,Município,26074
2020-01-01,Amadora,1701115,Município,10348
2020-02-01,Amadora,1701115,Município,10588
2020-03-01,Amadora,1701115,Município,5497
2020-04-01,Amadora,1701115,Município,2815
2020-05-01,Amadora,1701115,Município,4286
2020-06-01,Amadora,1701115,Município,4099
2020-07-01,Amadora,1701115,Município,5171
2020-08-01,Amadora,1701115,Município,5363
2020-09-01,Amadora,1701115,Município,5998
2020-10-01,Amadora,1701115,Município,5579
2020-11-01,Amadora,1701115,Município,4468
2020-12-01,Amadora,1701115,Município,5198
2021-01-01,Amadora,1701115,Município,4494
2021-02-01,Amadora,1701115,Município,3532
2021-03-01,Amadora,1701115,Município,4780
2021-04-01,Amadora,1701115,Município,4983
2021-05-01,Amadora,1701115,Município,6641
2021-06-01,Amadora,1701115,Município,6613
2021-07-01,Amadora,1701115,Município,6453
2021-08-01,Amadora,1701115,Município,8129
2021-09-01,Amadora,1701115,Município,7697
2021-10-01,Amadora,1701115,Município,9360
2021-11-01,Amadora,1701115,Município,9657
2021-12-01,Amadora,1701115,Município,8043
2022-01-01,Amadora,1701115,Município,6457
2022-02-01,Amadora,1701115,Município,7395
2022-03-01,Amadora,1701115,Município,10729
2022-04-01,Amadora,1701115,Município,13231
2022-05-01,Amadora,1701115,Município,13327
2022-06-01,Amadora,1701115,Município,13734
2022-07-01,Amadora,1701115,Município,14155
2022-08-01,Amadora,1701115,Município,15836
2022-09-01,Amadora,1701115,Município,13542
2022-10-01,Amadora,1701115,Município,13308
2022-11-01,Amadora,1701115,Município,11195
2022-12-01,Amadora,1701115,Município,9688
2023-01-01,Amadora,1701115,Município,9309
2023-02-01,Amadora,1701115,Município,8812
2023-03-01,Amadora,1701115,Município,11062
2023-04-01,Amadora,1701115,Município,11496
2023-05-01,Amadora,1701115,Município,12933
2023-06-01,Amadora,1701115,Município,12986
2023-07-01,Amadora,1701115,Município,12769
2023-08-01,Amadora,1701115,Município,14146
2023-09-01,Amadora,1701115,Município,12973
2023-10-01,Amadora,1701115,Município,12661
2023-11-01,Amadora,1701115,Município,11434
2023-12-01,Amadora,1701115,Município,10571
2024-01-01,Amadora,1701115,Município,9473
2024-02-01,Amadora,1701115,Município,9559
2024-03-01,Amadora,1701115,Município,10441
2024-04-01,Amadora,1701115,Município,11204
2024-05-01,Amadora,1701115,Município,12152
2024-06-01,Amadora,1701115,Município,10830
2024-07-01,Amadora,1701115,Município,12513
2024-08-01,Amadora,1701115,Município,14223
2024-09-01,Amadora,1701115,Município,13257
2024-10-01,Amadora,1701115,Município,12724
2024-11-01,Amadora,1701115,Município,11467
2024-12-01,Amadora,1701115,Município,10130
2025-01-01,Amadora,1701115,Município,8720
2025-02-01,Amadora,1701115,Município,9653
2025-03-01,Amadora,1701115,Município,10857
2025-04-01,Amadora,1701115,Município,11454
2025-05-01,Amadora,1701115,Município,12660
2025-06-01,Amadora,1701115,Município,10451
2025-07-01,Amadora,1701115,Município,11952
2025-08-01,Amadora,1701115,Município,13232
2025-09-01,Amadora,1701115,Município,13695
2025-10-01,Amadora,1701115,Município,15812
2025-11-01,Amadora,1701115,Município,12447
2025-12-01,Amadora,1701115,Município,10146
2026-01-01,Amadora,1701115,Município,10911
2026-02-01,Amadora,1701115,Município,10733
2020-01-01,Barreiro,1701504,Município,834
2020-02-01,Barreiro,1701504,Município,919
2020-07-01,Barreiro,1701504,Município,357
2020-08-01,Barreiro,1701504,Município,527
2020-09-01,Barreiro,1701504,Município,605
2020-10-01,Barreiro,1701504,Município,491
2021-10-01,Barreiro,1701504,Município,689
2021-11-01,Barreiro,1701504,Município,715
2021-12-01,Barreiro,1701504,Município,727
2022-01-01,Barreiro,1701504,Município,809
2022-02-01,Barreiro,1701504,Município,662
2022-03-01,Barreiro,1701504,Município,826
2022-04-01,Barreiro,1701504,Município,816
2022-05-01,Barreiro,1701504,Município,951
2022-06-01,Barreiro,1701504,Município,771
2022-07-01,Barreiro,1701504,Município,1446
2022-08-01,Barreiro,1701504,Município,1279
2022-09-01,Barreiro,1701504,Município,1122
2022-10-01,Barreiro,1701504,Município,910
2022-11-01,Barreiro,1701504,Município,1051
2022-12-01,Barreiro,1701504,Município,1001
2023-01-01,Barreiro,1701504,Município,1413
2023-02-01,Barreiro,1701504,Município,1249
2023-03-01,Barreiro,1701504,Município,1397
2023-04-01,Barreiro,1701504,Município,1118
2023-05-01,Barreiro,1701504,Município,1471
2023-06-01,Barreiro,1701504,Município,1155
2023-07-01,Barreiro,1701504,Município,1127
2023-08-01,Barreiro,1701504,Município,1124
2023-09-01,Barreiro,1701504,Município,1024
2023-10-01,Barreiro,1701504,Município,954
2023-11-01,Barreiro,1701504,Município,806
2023-12-01,Barreiro,1701504,Município,828
2024-01-01,Barreiro,1701504,Município,741
2024-02-01,Barreiro,1701504,Município,866
2024-03-01,Barreiro,1701504,Município,892
2024-04-01,Barreiro,1701504,Município,1276
2024-05-01,Barreiro,1701504,Município,1094
2024-06-01,Barreiro,1701504,Município,1085
2024-07-01,Barreiro,1701504,Município,1812
2024-08-01,Barreiro,1701504,Município,2008
2024-09-01,Barreiro,1701504,Município,1586
2024-10-01,Barreiro,1701504,Município,1386
2024-11-01,Barreiro,1701504,Município,1164
2024-12-01,Barreiro,1701504,Município,763
2025-01-01,Barreiro,1701504,Município,656
2025-03-01,Barreiro,1701504,Município,1057
2025-04-01,Barreiro,1701504,Município,1235
2025-05-01,Barreiro,1701504,Município,1290
2025-06-01,Barreiro,1701504,Município,1452
2025-07-01,Barreiro,1701504,Município,1543
2025-08-01,Barreiro,1701504,Município,2186
2025-09-01,Barreiro,1701504,Município,1565
2025-10-01,Barreiro,1701504,Município,1443
2025-11-01,Barreiro,1701504,Município,1107
2025-12-01,Barreiro,1701504,Município,848
2026-02-01,Barreiro,1701504,Município,547
2020-01-01,Cascais,1701105,Município,62283
2020-02-01,Cascais,1701105,Município,75184
2020-03-01,Cascais,1701105,Município,36569
2020-04-01,Cascais,1701105,Município,5405
2020-05-01,Cascais,1701105,Município,7697
2020-06-01,Cascais,1701105,Município,15355
2020-07-01,Cascais,1701105,Município,39854
2020-08-01,Cascais,1701105,Município,80843
2020-09-01,Cascais,1701105,Município,50514
2020-10-01,Cascais,1701105,Município,38433
2020-11-01,Cascais,1701105,Município,21012
2020-12-01,Cascais,1701105,Município,26487
2021-01-01,Cascais,1701105,Município,20308
2021-02-01,Cascais,1701105,Município,13757
2021-03-01,Cascais,1701105,Município,18218
2021-04-01,Cascais,1701105,Município,24419
2021-05-01,Cascais,1701105,Município,43801
2021-06-01,Cascais,1701105,Município,65351
2021-07-01,Cascais,1701105,Município,73896
2021-08-01,Cascais,1701105,Município,130850
2021-09-01,Cascais,1701105,Município,97835
2021-10-01,Cascais,1701105,Município,115096
2021-11-01,Cascais,1701105,Município,76472
2021-12-01,Cascais,1701105,Município,55439
2022-01-01,Cascais,1701105,Município,43381
2022-02-01,Cascais,1701105,Município,62404
2022-03-01,Cascais,1701105,Município,91729
2022-04-01,Cascais,1701105,Município,141295
2022-05-01,Cascais,1701105,Município,149686
2022-06-01,Cascais,1701105,Município,155674
2022-07-01,Cascais,1701105,Município,177563
2022-08-01,Cascais,1701105,Município,196875
2022-09-01,Cascais,1701105,Município,159852
2022-10-01,Cascais,1701105,Município,151076
2022-11-01,Cascais,1701105,Município,103187
2022-12-01,Cascais,1701105,Município,79142
2023-01-01,Cascais,1701105,Município,71635
2023-02-01,Cascais,1701105,Município,81529
2023-03-01,Cascais,1701105,Município,107139
2023-04-01,Cascais,1701105,Município,144827
2023-05-01,Cascais,1701105,Município,150462
2023-06-01,Cascais,1701105,Município,152983
2023-07-01,Cascais,1701105,Município,180358
2023-08-01,Cascais,1701105,Município,193794
2023-09-01,Cascais,1701105,Município,161023
2023-10-01,Cascais,1701105,Município,157757
2023-11-01,Cascais,1701105,Município,104094
2023-12-01,Cascais,1701105,Município,84097
2024-01-01,Cascais,1701105,Município,65305
2024-02-01,Cascais,1701105,Município,81548
2024-03-01,Cascais,1701105,Município,121486
2024-04-01,Cascais,1701105,Município,134721
2024-05-01,Cascais,1701105,Município,158818
2024-06-01,Cascais,1701105,Município,157482
2024-07-01,Cascais,1701105,Município,182173
2024-08-01,Cascais,1701105,Município,200788
2024-09-01,Cascais,1701105,Município,163690
2024-10-01,Cascais,1701105,Município,158357
2024-11-01,Cascais,1701105,Município,103123
2024-12-01,Cascais,1701105,Município,77578
2025-01-01,Cascais,1701105,Município,64995
2025-02-01,Cascais,1701105,Município,75112
2025-03-01,Cascais,1701105,Município,99964
2025-04-01,Cascais,1701105,Município,130507
2025-05-01,Cascais,1701105,Município,143741
2025-06-01,Cascais,1701105,Município,149127
2025-07-01,Cascais,1701105,Município,178861
2025-08-01,Cascais,1701105,Município,190639
2025-09-01,Cascais,1701105,Município,154161
2025-10-01,Cascais,1701105,Município,142633
2025-11-01,Cascais,1701105,Município,90548
2025-12-01,Cascais,1701105,Município,71965
2026-01-01,Cascais,1701105,Município,61179
2026-02-01,Cascais,1701105,Município,65292
2020-01-01,Lisboa,1701106,Município,863814
2020-02-01,Lisboa,1701106,Município,865148
2020-03-01,Lisboa,1701106,Município,394613
2020-04-01,Lisboa,1701106,Município,20187
2020-05-01,Lisboa,1701106,Município,29737
2020-06-01,Lisboa,1701106,Município,56339
2020-07-01,Lisboa,1701106,Município,143917
2020-08-01,Lisboa,1701106,Município,316088
2020-09-01,Lisboa,1701106,Município,294585
2020-10-01,Lisboa,1701106,Município,236899
2020-11-01,Lisboa,1701106,Município,122816
2020-12-01,Lisboa,1701106,Município,137743
2021-01-01,Lisboa,1701106,Município,105610
2021-02-01,Lisboa,1701106,Município,63313
2021-03-01,Lisboa,1701106,Município,77574
2021-04-01,Lisboa,1701106,Município,117999
2021-05-01,Lisboa,1701106,Município,222992
2021-06-01,Lisboa,1701106,Município,314613
2021-07-01,Lisboa,1701106,Município,381413
2021-08-01,Lisboa,1701106,Município,710967
2021-09-01,Lisboa,1701106,Município,722034
2021-10-01,Lisboa,1701106,Município,969652
2021-11-01,Lisboa,1701106,Município,862575
2021-12-01,Lisboa,1701106,Município,589727
2022-01-01,Lisboa,1701106,Município,397427
2022-02-01,Lisboa,1701106,Município,644518
2022-03-01,Lisboa,1701106,Município,927644
2022-04-01,Lisboa,1701106,Município,1180321
2022-05-01,Lisboa,1701106,Município,1268685
2022-06-01,Lisboa,1701106,Município,1279928
2022-07-01,Lisboa,1701106,Município,1406190
2022-08-01,Lisboa,1701106,Município,1481283
2022-09-01,Lisboa,1701106,Município,1379144
2022-10-01,Lisboa,1701106,Município,1356202
2022-11-01,Lisboa,1701106,Município,1088916
2022-12-01,Lisboa,1701106,Município,923979
2023-01-01,Lisboa,1701106,Município,881154
2023-02-01,Lisboa,1701106,Município,963919
2023-03-01,Lisboa,1701106,Município,1224375
2023-04-01,Lisboa,1701106,Município,1357902
2023-05-01,Lisboa,1701106,Município,1440186
2023-06-01,Lisboa,1701106,Município,1345382
2023-07-01,Lisboa,1701106,Município,1412744
2023-08-01,Lisboa,1701106,Município,1499766
2023-09-01,Lisboa,1701106,Município,1463716
2023-10-01,Lisboa,1701106,Município,1461296
2023-11-01,Lisboa,1701106,Município,1139000
2023-12-01,Lisboa,1701106,Município,969192
2024-01-01,Lisboa,1701106,Município,850329
2024-02-01,Lisboa,1701106,Município,1044727
2024-03-01,Lisboa,1701106,Município,1330306
2024-04-01,Lisboa,1701106,Município,1373264
2024-05-01,Lisboa,1701106,Município,1524129
2024-06-01,Lisboa,1701106,Município,1410505
2024-07-01,Lisboa,1701106,Município,1470367
2024-08-01,Lisboa,1701106,Município,1579133
2024-09-01,Lisboa,1701106,Município,1488400
2024-10-01,Lisboa,1701106,Município,1490764
2024-11-01,Lisboa,1701106,Município,1188181
2024-12-01,Lisboa,1701106,Município,990259
2025-01-01,Lisboa,1701106,Município,896989
2025-02-01,Lisboa,1701106,Município,974459
2025-03-01,Lisboa,1701106,Município,1297659
2025-04-01,Lisboa,1701106,Município,1423169
2025-05-01,Lisboa,1701106,Município,1525073
2025-06-01,Lisboa,1701106,Município,1417969
2025-07-01,Lisboa,1701106,Município,1528899
2025-08-01,Lisboa,1701106,Município,1625785
2025-09-01,Lisboa,1701106,Município,1505880
2025-10-01,Lisboa,1701106,Município,1550436
2025-11-01,Lisboa,1701106,Município,1204081
2025-12-01,Lisboa,1701106,Município,1018595
2026-01-01,Lisboa,1701106,Município,946799
2026-02-01,Lisboa,1701106,Município,1011600
2020-01-01,Loures,1701107,Município,7419
2020-03-01,Loures,1701107,Município,4778
2020-06-01,Loures,1701107,Município,2508
2020-09-01,Loures,1701107,Município,4795
2020-10-01,Loures,1701107,Município,6833
2021-01-01,Loures,1701107,Município,7842
2021-05-01,Loures,1701107,Município,12260
2021-06-01,Loures,1701107,Município,11093
2021-07-01,Loures,1701107,Município,12084
2021-08-01,Loures,1701107,Município,14675
2021-09-01,Loures,1701107,Município,14217
2021-10-01,Loures,1701107,Município,17390
2021-11-01,Loures,1701107,Município,13906
2021-12-01,Loures,1701107,Município,10896
2022-01-01,Loures,1701107,Município,8427
2022-02-01,Loures,1701107,Município,10961
2022-03-01,Loures,1701107,Município,16814
2022-04-01,Loures,1701107,Município,18882
2022-05-01,Loures,1701107,Município,22734
2022-06-01,Loures,1701107,Município,22362
2022-07-01,Loures,1701107,Município,23780
2022-08-01,Loures,1701107,Município,25794
2022-09-01,Loures,1701107,Município,23350
2022-10-01,Loures,1701107,Município,22780
2022-11-01,Loures,1701107,Município,18947
2022-12-01,Loures,1701107,Município,18496
2023-01-01,Loures,1701107,Município,18845
2023-02-01,Loures,1701107,Município,18658
2023-03-01,Loures,1701107,Município,22317
2023-04-01,Loures,1701107,Município,22792
2023-05-01,Loures,1701107,Município,25341
2023-06-01,Loures,1701107,Município,23541
2023-07-01,Loures,1701107,Município,23743
2023-08-01,Loures,1701107,Município,24137
2023-09-01,Loures,1701107,Município,26425
2023-10-01,Loures,1701107,Município,23620
2023-11-01,Loures,1701107,Município,18464
2023-12-01,Loures,1701107,Município,16561
2024-01-01,Loures,1701107,Município,17365
2024-02-01,Loures,1701107,Município,17165
2024-03-01,Loures,1701107,Município,22661
2024-04-01,Loures,1701107,Município,24446
2024-05-01,Loures,1701107,Município,27174
2024-06-01,Loures,1701107,Município,25522
2024-07-01,Loures,1701107,Município,28135
2024-08-01,Loures,1701107,Município,30202
2024-09-01,Loures,1701107,Município,27440
2024-10-01,Loures,1701107,Município,28318
2024-11-01,Loures,1701107,Município,24261
2024-12-01,Loures,1701107,Município,24671
2025-01-01,Loures,1701107,Município,23642
2025-02-01,Loures,1701107,Município,23041
2025-03-01,Loures,1701107,Município,28798
2025-04-01,Loures,1701107,Município,28746
2025-05-01,Loures,1701107,Município,32359
2025-06-01,Loures,1701107,Município,30692
2025-07-01,Loures,1701107,Município,32426
2025-08-01,Loures,1701107,Município,34533
2025-09-01,Loures,1701107,Município,32047
2025-10-01,Loures,1701107,Município,31260
2025-11-01,Loures,1701107,Município,25777
2025-12-01,Loures,1701107,Município,23496
2026-01-01,Loures,1701107,Município,23979
2026-02-01,Loures,1701107,Município,23014
2020-01-01,Mafra,1701109,Município,5421
2020-02-01,Mafra,1701109,Município,8839
2020-03-01,Mafra,1701109,Município,3446
2020-04-01,Mafra,1701109,Município,54
2020-05-01,Mafra,1701109,Município,573
2020-06-01,Mafra,1701109,Município,5820
2020-07-01,Mafra,1701109,Município,15336
2020-08-01,Mafra,1701109,Município,30225
2020-09-01,Mafra,1701109,Município,20673
2020-10-01,Mafra,1701109,Município,13182
2020-11-01,Mafra,1701109,Município,4477
2020-12-01,Mafra,1701109,Município,3610
2021-01-01,Mafra,1701109,Município,3527
2021-02-01,Mafra,1701109,Município,2351
2021-03-01,Mafra,1701109,Município,3553
2021-04-01,Mafra,1701109,Município,5688
2021-05-01,Mafra,1701109,Município,12656
2021-06-01,Mafra,1701109,Município,18481
2021-07-01,Mafra,1701109,Município,23786
2021-08-01,Mafra,1701109,Município,39122
2021-09-01,Mafra,1701109,Município,30633
2021-10-01,Mafra,1701109,Município,30643
2021-11-01,Mafra,1701109,Município,15053
2021-12-01,Mafra,1701109,Município,10058
2022-01-01,Mafra,1701109,Município,7476
2022-02-01,Mafra,1701109,Município,12651
2022-03-01,Mafra,1701109,Município,19822
2022-04-01,Mafra,1701109,Município,29344
2022-05-01,Mafra,1701109,Município,33176
2022-06-01,Mafra,1701109,Município,35684
2022-07-01,Mafra,1701109,Município,43530
2022-08-01,Mafra,1701109,Município,45321
2022-09-01,Mafra,1701109,Município,39387
2022-10-01,Mafra,1701109,Município,34018
2022-11-01,Mafra,1701109,Município,17211
2022-12-01,Mafra,1701109,Município,12823
2023-01-01,Mafra,1701109,Município,9491
2023-02-01,Mafra,1701109,Município,12258
2023-03-01,Mafra,1701109,Município,21186
2023-04-01,Mafra,1701109,Município,33837
2023-05-01,Mafra,1701109,Município,37973
2023-06-01,Mafra,1701109,Município,36065
2023-07-01,Mafra,1701109,Município,44065
2023-08-01,Mafra,1701109,Município,47669
2023-09-01,Mafra,1701109,Município,42578
2023-10-01,Mafra,1701109,Município,37364
2023-11-01,Mafra,1701109,Município,19185
2023-12-01,Mafra,1701109,Município,15141
2024-01-01,Mafra,1701109,Município,9803
2024-02-01,Mafra,1701109,Município,12537
2024-03-01,Mafra,1701109,Município,22933
2024-04-01,Mafra,1701109,Município,28644
2024-05-01,Mafra,1701109,Município,39872
2024-06-01,Mafra,1701109,Município,37859
2024-07-01,Mafra,1701109,Município,45365
2024-08-01,Mafra,1701109,Município,48016
2024-09-01,Mafra,1701109,Município,42632
2024-10-01,Mafra,1701109,Município,35554
2024-11-01,Mafra,1701109,Município,19061
2024-12-01,Mafra,1701109,Município,13172
2025-01-01,Mafra,1701109,Município,11004
2025-02-01,Mafra,1701109,Município,11642
2025-03-01,Mafra,1701109,Município,20763
2025-04-01,Mafra,1701109,Município,30073
2025-05-01,Mafra,1701109,Município,35225
2025-06-01,Mafra,1701109,Município,38010
2025-07-01,Mafra,1701109,Município,44022
2025-08-01,Mafra,1701109,Município,47528
2025-09-01,Mafra,1701109,Município,40645
2025-10-01,Mafra,1701109,Município,36077
2025-11-01,Mafra,1701109,Município,18382
2025-12-01,Mafra,1701109,Município,13185
2026-01-01,Mafra,1701109,Município,10460
2026-02-01,Mafra,1701109,Município,11270
2024-03-01,Moita,1701506,Município,56
2024-04-01,Moita,1701506,Município,72
2024-07-01,Moita,1701506,Município,130
2024-08-01,Moita,1701506,Município,153
2024-09-01,Moita,1701506,Município,132
2024-10-01,Moita,1701506,Município,156
2024-11-01,Moita,1701506,Município,156
2020-01-01,Montijo,1701507,Município,9657
2020-02-01,Montijo,1701507,Município,8716
2020-03-01,Montijo,1701507,Município,5174
2020-04-01,Montijo,1701507,Município,1300
2020-05-01,Montijo,1701507,Município,4730
2020-06-01,Montijo,1701507,Município,6107
2020-07-01,Montijo,1701507,Município,8447
2020-08-01,Montijo,1701507,Município,9842
2020-09-01,Montijo,1701507,Município,8047
2020-10-01,Montijo,1701507,Município,7516
2020-11-01,Montijo,1701507,Município,6242
2020-12-01,Montijo,1701507,Município,6278
2021-01-01,Montijo,1701507,Município,5239
2021-02-01,Montijo,1701507,Município,5361
2021-03-01,Montijo,1701507,Município,6591
2021-04-01,Montijo,1701507,Município,7332
2021-05-01,Montijo,1701507,Município,8617
2021-06-01,Montijo,1701507,Município,9891
2021-07-01,Montijo,1701507,Município,8716
2021-08-01,Montijo,1701507,Município,11358
2021-09-01,Montijo,1701507,Município,9812
2021-10-01,Montijo,1701507,Município,10083
2021-11-01,Montijo,1701507,Município,8696
2021-12-01,Montijo,1701507,Município,9441
2022-01-01,Montijo,1701507,Município,9116
2022-02-01,Montijo,1701507,Município,9339
2022-03-01,Montijo,1701507,Município,10992
2022-04-01,Montijo,1701507,Município,13612
2022-05-01,Montijo,1701507,Município,13834
2022-06-01,Montijo,1701507,Município,16175
2022-07-01,Montijo,1701507,Município,15550
2022-08-01,Montijo,1701507,Município,16236
2022-09-01,Montijo,1701507,Município,14359
2022-10-01,Montijo,1701507,Município,14577
2022-11-01,Montijo,1701507,Município,12498
2022-12-01,Montijo,1701507,Município,13826
2023-01-01,Montijo,1701507,Município,13315
2023-02-01,Montijo,1701507,Município,12043
2023-03-01,Montijo,1701507,Município,14739
2023-04-01,Montijo,1701507,Município,15088
2023-05-01,Montijo,1701507,Município,15368
2023-06-01,Montijo,1701507,Município,15319
2023-07-01,Montijo,1701507,Município,16543
2023-08-01,Montijo,1701507,Município,16500
2023-09-01,Montijo,1701507,Município,15515
2023-10-01,Montijo,1701507,Município,16087
2023-11-01,Montijo,1701507,Município,13841
2023-12-01,Montijo,1701507,Município,13762
2024-01-01,Montijo,1701507,Município,13164
2024-02-01,Montijo,1701507,Município,12242
2024-03-01,Montijo,1701507,Município,13200
2024-04-01,Montijo,1701507,Município,15762
2024-05-01,Montijo,1701507,Município,16162
2024-06-01,Montijo,1701507,Município,16864
2024-07-01,Montijo,1701507,Município,16023
2024-08-01,Montijo,1701507,Município,17516
2024-09-01,Montijo,1701507,Município,16679
2024-10-01,Montijo,1701507,Município,16711
2024-11-01,Montijo,1701507,Município,14513
2024-12-01,Montijo,1701507,Município,14254
2025-01-01,Montijo,1701507,Município,13349
2025-02-01,Montijo,1701507,Município,12994
2025-03-01,Montijo,1701507,Município,15423
2025-04-01,Montijo,1701507,Município,16301
2025-05-01,Montijo,1701507,Município,18150
2025-06-01,Montijo,1701507,Município,17012
2025-07-01,Montijo,1701507,Município,17589
2025-08-01,Montijo,1701507,Município,18434
2025-09-01,Montijo,1701507,Município,17312
2025-10-01,Montijo,1701507,Município,17073
2025-11-01,Montijo,1701507,Município,14429
2025-12-01,Montijo,1701507,Município,14507
2026-01-01,Montijo,1701507,Município,12876
2026-02-01,Montijo,1701507,Município,12979
2020-01-01,Odivelas,1701116,Município,251
2020-10-01,Odivelas,1701116,Município,240
2020-11-01,Odivelas,1701116,Município,285
2020-12-01,Odivelas,1701116,Município,242
2021-01-01,Odivelas,1701116,Município,260
2021-02-01,Odivelas,1701116,Município,161
2021-03-01,Odivelas,1701116,Município,162
2021-04-01,Odivelas,1701116,Município,188
2021-05-01,Odivelas,1701116,Município,161
2021-09-01,Odivelas,1701116,Município,208
2021-10-01,Odivelas,1701116,Município,321
2021-11-01,Odivelas,1701116,Município,336
2021-12-01,Odivelas,1701116,Município,391
2022-01-01,Odivelas,1701116,Município,317
2022-02-01,Odivelas,1701116,Município,327
2022-03-01,Odivelas,1701116,Município,460
2022-04-01,Odivelas,1701116,Município,309
2022-05-01,Odivelas,1701116,Município,285
2022-06-01,Odivelas,1701116,Município,193
2022-07-01,Odivelas,1701116,Município,234
2022-08-01,Odivelas,1701116,Município,188
2022-09-01,Odivelas,1701116,Município,281
2022-10-01,Odivelas,1701116,Município,226
2022-11-01,Odivelas,1701116,Município,294
2022-12-01,Odivelas,1701116,Município,359
2023-01-01,Odivelas,1701116,Município,519
2023-02-01,Odivelas,1701116,Município,428
2023-03-01,Odivelas,1701116,Município,482
2023-04-01,Odivelas,1701116,Município,547
2023-05-01,Odivelas,1701116,Município,388
2023-06-01,Odivelas,1701116,Município,659
2023-07-01,Odivelas,1701116,Município,513
2023-08-01,Odivelas,1701116,Município,693
2023-09-01,Odivelas,1701116,Município,613
2023-10-01,Odivelas,1701116,Município,489
2023-11-01,Odivelas,1701116,Município,452
2023-12-01,Odivelas,1701116,Município,419
2024-01-01,Odivelas,1701116,Município,333
2024-02-01,Odivelas,1701116,Município,347
2024-03-01,Odivelas,1701116,Município,402
2024-04-01,Odivelas,1701116,Município,629
2024-05-01,Odivelas,1701116,Município,617
2024-06-01,Odivelas,1701116,Município,580
2024-07-01,Odivelas,1701116,Município,495
2024-08-01,Odivelas,1701116,Município,934
2024-09-01,Odivelas,1701116,Município,609
2024-10-01,Odivelas,1701116,Município,572
2024-11-01,Odivelas,1701116,Município,646
2024-12-01,Odivelas,1701116,Município,523
2025-01-01,Odivelas,1701116,Município,673
2025-02-01,Odivelas,1701116,Município,499
2025-03-01,Odivelas,1701116,Município,406
2025-04-01,Odivelas,1701116,Município,603
2025-05-01,Odivelas,1701116,Município,671
2025-06-01,Odivelas,1701116,Município,747
2025-07-01,Odivelas,1701116,Município,742
2025-08-01,Odivelas,1701116,Município,1003
2025-09-01,Odivelas,1701116,Município,770
2025-10-01,Odivelas,1701116,Município,577
2025-11-01,Odivelas,1701116,Município,542
2025-12-01,Odivelas,1701116,Município,412
2026-01-01,Odivelas,1701116,Município,409
2026-02-01,Odivelas,1701116,Município,356
2020-01-01,Oeiras,1701110,Município,20845
2020-02-01,Oeiras,1701110,Município,21161
2020-03-01,Oeiras,1701110,Município,9376
2020-04-01,Oeiras,1701110,Município,885
2020-05-01,Oeiras,1701110,Município,1413
2020-06-01,Oeiras,1701110,Município,2758
2020-07-01,Oeiras,1701110,Município,9355
2020-08-01,Oeiras,1701110,Município,11673
2020-09-01,Oeiras,1701110,Município,9525
2020-10-01,Oeiras,1701110,Município,8818
2020-11-01,Oeiras,1701110,Município,6125
2020-12-01,Oeiras,1701110,Município,5181
2021-01-01,Oeiras,1701110,Município,3958
2021-02-01,Oeiras,1701110,Município,2718
2021-03-01,Oeiras,1701110,Município,3809
2021-04-01,Oeiras,1701110,Município,4753
2021-05-01,Oeiras,1701110,Município,8357
2021-06-01,Oeiras,1701110,Município,11827
2021-07-01,Oeiras,1701110,Município,14491
2021-08-01,Oeiras,1701110,Município,22778
2021-09-01,Oeiras,1701110,Município,21190
2021-10-01,Oeiras,1701110,Município,26173
2021-11-01,Oeiras,1701110,Município,19314
2021-12-01,Oeiras,1701110,Município,14415
2022-01-01,Oeiras,1701110,Município,11015
2022-02-01,Oeiras,1701110,Município,17332
2022-03-01,Oeiras,1701110,Município,21654
2022-04-01,Oeiras,1701110,Município,39088
2022-05-01,Oeiras,1701110,Município,36225
2022-06-01,Oeiras,1701110,Município,39435
2022-07-01,Oeiras,1701110,Município,46055
2022-08-01,Oeiras,1701110,Município,53050
2022-09-01,Oeiras,1701110,Município,40676
2022-10-01,Oeiras,1701110,Município,38570
2022-11-01,Oeiras,1701110,Município,27722
2022-12-01,Oeiras,1701110,Município,23388
2023-01-01,Oeiras,1701110,Município,24964
2023-02-01,Oeiras,1701110,Município,28048
2023-03-01,Oeiras,1701110,Município,36035
2023-04-01,Oeiras,1701110,Município,40126
2023-05-01,Oeiras,1701110,Município,45898
2023-06-01,Oeiras,1701110,Município,42308
2023-07-01,Oeiras,1701110,Município,50150
2023-08-01,Oeiras,1701110,Município,58712
2023-09-01,Oeiras,1701110,Município,45880
2023-10-01,Oeiras,1701110,Município,45613
2023-11-01,Oeiras,1701110,Município,32492
2023-12-01,Oeiras,1701110,Município,27885
2024-01-01,Oeiras,1701110,Município,22236
2024-02-01,Oeiras,1701110,Município,30039
2024-03-01,Oeiras,1701110,Município,40032
2024-04-01,Oeiras,1701110,Município,42161
2024-05-01,Oeiras,1701110,Município,49058
2024-06-01,Oeiras,1701110,Município,47797
2024-07-01,Oeiras,1701110,Município,55233
2024-08-01,Oeiras,1701110,Município,60846
2024-09-01,Oeiras,1701110,Município,49850
2024-10-01,Oeiras,1701110,Município,48632
2024-11-01,Oeiras,1701110,Município,38600
2024-12-01,Oeiras,1701110,Município,30245
2025-01-01,Oeiras,1701110,Município,27706
2025-02-01,Oeiras,1701110,Município,31261
2025-03-01,Oeiras,1701110,Município,37564
2025-04-01,Oeiras,1701110,Município,45768
2025-05-01,Oeiras,1701110,Município,48628
2025-06-01,Oeiras,1701110,Município,46655
2025-07-01,Oeiras,1701110,Município,53305
2025-08-01,Oeiras,1701110,Município,55914
2025-09-01,Oeiras,1701110,Município,47603
2025-10-01,Oeiras,1701110,Município,45837
2025-11-01,Oeiras,1701110,Município,34418
2025-12-01,Oeiras,1701110,Município,32826
2026-01-01,Oeiras,1701110,Município,28507
2026-02-01,Oeiras,1701110,Município,29630
2020-01-01,Palmela,1701508,Município,4031
2020-02-01,Palmela,1701508,Município,4777
2020-03-01,Palmela,1701508,Município,3236
2020-06-01,Palmela,1701508,Município,2123
2020-07-01,Palmela,1701508,Município,3654
2020-08-01,Palmela,1701508,Município,9114
2020-09-01,Palmela,1701508,Município,3543
2020-10-01,Palmela,1701508,Município,2266
2020-11-01,Palmela,1701508,Município,1285
2020-12-01,Palmela,1701508,Município,1076
2021-03-01,Palmela,1701508,Município,1015
2021-04-01,Palmela,1701508,Município,1701
2021-05-01,Palmela,1701508,Município,4169
2021-06-01,Palmela,1701508,Município,2984
2021-07-01,Palmela,1701508,Município,5352
2021-08-01,Palmela,1701508,Município,10093
2021-09-01,Palmela,1701508,Município,5189
2021-10-01,Palmela,1701508,Município,4904
2021-11-01,Palmela,1701508,Município,3476
2021-12-01,Palmela,1701508,Município,1984
2022-01-01,Palmela,1701508,Município,2444
2022-02-01,Palmela,1701508,Município,3540
2022-03-01,Palmela,1701508,Município,6034
2022-04-01,Palmela,1701508,Município,7815
2022-05-01,Palmela,1701508,Município,5739
2022-06-01,Palmela,1701508,Município,7740
2022-07-01,Palmela,1701508,Município,9635
2022-08-01,Palmela,1701508,Município,12188
2022-09-01,Palmela,1701508,Município,8292
2022-10-01,Palmela,1701508,Município,8446
2022-11-01,Palmela,1701508,Município,5488
2022-12-01,Palmela,1701508,Município,3896
2023-01-01,Palmela,1701508,Município,3543
2023-02-01,Palmela,1701508,Município,5580
2023-03-01,Palmela,1701508,Município,7147
2023-04-01,Palmela,1701508,Município,7709
2023-05-01,Palmela,1701508,Município,6922
2023-06-01,Palmela,1701508,Município,8129
2023-07-01,Palmela,1701508,Município,9362
2023-08-01,Palmela,1701508,Município,11692
2023-09-01,Palmela,1701508,Município,9255
2023-10-01,Palmela,1701508,Município,7215
2023-11-01,Palmela,1701508,Município,3964
2023-12-01,Palmela,1701508,Município,4189
2024-01-01,Palmela,1701508,Município,2365
2024-02-01,Palmela,1701508,Município,2534
2024-03-01,Palmela,1701508,Município,3578
2024-04-01,Palmela,1701508,Município,3949
2024-05-01,Palmela,1701508,Município,5310
2024-06-01,Palmela,1701508,Município,5514
2024-07-01,Palmela,1701508,Município,7668
2024-08-01,Palmela,1701508,Município,9580
2024-09-01,Palmela,1701508,Município,6394
2024-10-01,Palmela,1701508,Município,4631
2024-11-01,Palmela,1701508,Município,2966
2024-12-01,Palmela,1701508,Município,2951
2025-01-01,Palmela,1701508,Município,3043
2025-02-01,Palmela,1701508,Município,3413
2025-03-01,Palmela,1701508,Município,4311
2025-04-01,Palmela,1701508,Município,4350
2025-05-01,Palmela,1701508,Município,5624
2025-06-01,Palmela,1701508,Município,6679
2025-07-01,Palmela,1701508,Município,8069
2025-08-01,Palmela,1701508,Município,9193
2025-09-01,Palmela,1701508,Município,6640
2025-10-01,Palmela,1701508,Município,4483
2025-11-01,Palmela,1701508,Município,3025
2025-12-01,Palmela,1701508,Município,2815
2026-01-01,Palmela,1701508,Município,2576
2026-02-01,Palmela,1701508,Município,3364
2020-01-01,Seixal,1701510,Município,4020
2020-02-01,Seixal,1701510,Município,5102
2020-03-01,Seixal,1701510,Município,3041
2020-06-01,Seixal,1701510,Município,3965
2020-07-01,Seixal,1701510,Município,5008
2020-08-01,Seixal,1701510,Município,7614
2020-09-01,Seixal,1701510,Município,5431
2020-10-01,Seixal,1701510,Município,4619
2020-11-01,Seixal,1701510,Município,3542
2020-12-01,Seixal,1701510,Município,3230
2021-01-01,Seixal,1701510,Município,3588
2021-02-01,Seixal,1701510,Município,3449
2021-03-01,Seixal,1701510,Município,4559
2021-04-01,Seixal,1701510,Município,4732
2021-05-01,Seixal,1701510,Município,5020
2021-06-01,Seixal,1701510,Município,5309
2021-07-01,Seixal,1701510,Município,5401
2021-08-01,Seixal,1701510,Município,7616
2021-09-01,Seixal,1701510,Município,6350
2021-10-01,Seixal,1701510,Município,6468
2021-11-01,Seixal,1701510,Município,5541
2021-12-01,Seixal,1701510,Município,4407
2022-01-01,Seixal,1701510,Município,4275
2022-02-01,Seixal,1701510,Município,4438
2022-03-01,Seixal,1701510,Município,5033
2022-04-01,Seixal,1701510,Município,5717
2022-05-01,Seixal,1701510,Município,5821
2022-06-01,Seixal,1701510,Município,6235
2022-07-01,Seixal,1701510,Município,6913
2022-08-01,Seixal,1701510,Município,8064
2022-09-01,Seixal,1701510,Município,6226
2022-10-01,Seixal,1701510,Município,5610
2022-11-01,Seixal,1701510,Município,5025
2022-12-01,Seixal,1701510,Município,4567
2023-01-01,Seixal,1701510,Município,4593
2023-02-01,Seixal,1701510,Município,4585
2023-03-01,Seixal,1701510,Município,5299
2023-04-01,Seixal,1701510,Município,5711
2023-05-01,Seixal,1701510,Município,6016
2023-06-01,Seixal,1701510,Município,6041
2023-07-01,Seixal,1701510,Município,6818
2023-08-01,Seixal,1701510,Município,6310
2023-09-01,Seixal,1701510,Município,6171
2023-10-01,Seixal,1701510,Município,5975
2023-11-01,Seixal,1701510,Município,4571
2023-12-01,Seixal,1701510,Município,4008
2024-01-01,Seixal,1701510,Município,3915
2024-02-01,Seixal,1701510,Município,4463
2024-03-01,Seixal,1701510,Município,5141
2024-04-01,Seixal,1701510,Município,5220
2024-05-01,Seixal,1701510,Município,6010
2024-06-01,Seixal,1701510,Município,6059
2024-07-01,Seixal,1701510,Município,6474
2024-08-01,Seixal,1701510,Município,7834
2024-09-01,Seixal,1701510,Município,6350
2024-10-01,Seixal,1701510,Município,6304
2024-11-01,Seixal,1701510,Município,5217
2024-12-01,Seixal,1701510,Município,4876
2025-01-01,Seixal,1701510,Município,4311
2025-02-01,Seixal,1701510,Município,4211
2025-03-01,Seixal,1701510,Município,5101
2025-04-01,Seixal,1701510,Município,5573
2025-05-01,Seixal,1701510,Município,6812
2025-06-01,Seixal,1701510,Município,7117
2025-07-01,Seixal,1701510,Município,7184
2025-08-01,Seixal,1701510,Município,8855
2025-09-01,Seixal,1701510,Município,6775
2025-10-01,Seixal,1701510,Município,6091
2025-11-01,Seixal,1701510,Município,4745
2025-12-01,Seixal,1701510,Município,4859
2026-02-01,Seixal,1701510,Município,4142
2020-01-01,Sesimbra,1701511,Município,7411
2020-02-01,Sesimbra,1701511,Município,10478
2020-03-01,Sesimbra,1701511,Município,3785
2020-06-01,Sesimbra,1701511,Município,7684
2020-07-01,Sesimbra,1701511,Município,15994
2020-08-01,Sesimbra,1701511,Município,26343
2020-09-01,Sesimbra,1701511,Município,17415
2020-10-01,Sesimbra,1701511,Município,8660
2020-11-01,Sesimbra,1701511,Município,2379
2020-12-01,Sesimbra,1701511,Município,3705
2021-01-01,Sesimbra,1701511,Município,1801
2021-02-01,Sesimbra,1701511,Município,810
2021-03-01,Sesimbra,1701511,Município,1074
2021-04-01,Sesimbra,1701511,Município,3293
2021-05-01,Sesimbra,1701511,Município,8806
2021-06-01,Sesimbra,1701511,Município,14363
2021-07-01,Sesimbra,1701511,Município,18133
2021-08-01,Sesimbra,1701511,Município,33152
2021-09-01,Sesimbra,1701511,Município,21944
2021-10-01,Sesimbra,1701511,Município,17811
2021-11-01,Sesimbra,1701511,Município,9045
2021-12-01,Sesimbra,1701511,Município,6505
2022-01-01,Sesimbra,1701511,Município,4660
2022-02-01,Sesimbra,1701511,Município,8787
2022-03-01,Sesimbra,1701511,Município,8578
2022-04-01,Sesimbra,1701511,Município,17893
2022-05-01,Sesimbra,1701511,Município,19489
2022-06-01,Sesimbra,1701511,Município,26736
2022-07-01,Sesimbra,1701511,Município,37245
2022-08-01,Sesimbra,1701511,Município,41799
2022-09-01,Sesimbra,1701511,Município,27723
2022-10-01,Sesimbra,1701511,Município,20676
2022-11-01,Sesimbra,1701511,Município,9243
2022-12-01,Sesimbra,1701511,Município,9785
2023-01-01,Sesimbra,1701511,Município,7298
2023-02-01,Sesimbra,1701511,Município,10535
2023-03-01,Sesimbra,1701511,Município,13193
2023-04-01,Sesimbra,1701511,Município,22546
2023-05-01,Sesimbra,1701511,Município,19831
2023-06-01,Sesimbra,1701511,Município,25349
2023-07-01,Sesimbra,1701511,Município,35108
2023-08-01,Sesimbra,1701511,Município,39889
2023-09-01,Sesimbra,1701511,Município,28557
2023-10-01,Sesimbra,1701511,Município,21700
2023-11-01,Sesimbra,1701511,Município,8858
2023-12-01,Sesimbra,1701511,Município,9837
2024-01-01,Sesimbra,1701511,Município,6917
2024-02-01,Sesimbra,1701511,Município,11727
2024-03-01,Sesimbra,1701511,Município,15112
2024-04-01,Sesimbra,1701511,Município,18794
2024-05-01,Sesimbra,1701511,Município,25353
2024-06-01,Sesimbra,1701511,Município,29647
2024-07-01,Sesimbra,1701511,Município,35044
2024-08-01,Sesimbra,1701511,Município,41662
2024-09-01,Sesimbra,1701511,Município,30467
2024-10-01,Sesimbra,1701511,Município,24155
2024-11-01,Sesimbra,1701511,Município,15013
2024-12-01,Sesimbra,1701511,Município,12452
2025-01-01,Sesimbra,1701511,Município,10703
2025-02-01,Sesimbra,1701511,Município,11494
2025-03-01,Sesimbra,1701511,Município,17674
2025-04-01,Sesimbra,1701511,Município,19814
2025-05-01,Sesimbra,1701511,Município,25328
2025-06-01,Sesimbra,1701511,Município,31335
2025-07-01,Sesimbra,1701511,Município,37528
2025-08-01,Sesimbra,1701511,Município,42589
2025-09-01,Sesimbra,1701511,Município,29874
2025-10-01,Sesimbra,1701511,Município,23810
2025-11-01,Sesimbra,1701511,Município,13079
2025-12-01,Sesimbra,1701511,Município,10169
2026-01-01,Sesimbra,1701511,Município,8848
2026-02-01,Sesimbra,1701511,Município,11081
2020-01-01,Setúbal,1701512,Município,18593
2020-02-01,Setúbal,1701512,Município,20683
2020-03-01,Setúbal,1701512,Município,10418
2020-04-01,Setúbal,1701512,Município,2401
2020-05-01,Setúbal,1701512,Município,4351
2020-06-01,Setúbal,1701512,Município,9428
2020-07-01,Setúbal,1701512,Município,23712
2020-08-01,Setúbal,1701512,Município,42486
2020-09-01,Setúbal,1701512,Município,23329
2020-10-01,Setúbal,1701512,Município,17254
2020-11-01,Setúbal,1701512,Município,11843
2020-12-01,Setúbal,1701512,Município,8734
2021-01-01,Setúbal,1701512,Município,5956
2021-02-01,Setúbal,1701512,Município,4772
2021-03-01,Setúbal,1701512,Município,6338
2021-04-01,Setúbal,1701512,Município,10976
2021-05-01,Setúbal,1701512,Município,15955
2021-06-01,Setúbal,1701512,Município,24735
2021-07-01,Setúbal,1701512,Município,28396
2021-08-01,Setúbal,1701512,Município,50940
2021-09-01,Setúbal,1701512,Município,33255
2021-10-01,Setúbal,1701512,Município,27015
2021-11-01,Setúbal,1701512,Município,17415
2021-12-01,Setúbal,1701512,Município,13648
2022-01-01,Setúbal,1701512,Município,14256
2022-02-01,Setúbal,1701512,Município,16629
2022-03-01,Setúbal,1701512,Município,18347
2022-04-01,Setúbal,1701512,Município,29155
2022-05-01,Setúbal,1701512,Município,31777
2022-06-01,Setúbal,1701512,Município,35253
2022-07-01,Setúbal,1701512,Município,48070
2022-08-01,Setúbal,1701512,Município,55778
2022-09-01,Setúbal,1701512,Município,41428
2022-10-01,Setúbal,1701512,Município,33812
2022-11-01,Setúbal,1701512,Município,23590
2022-12-01,Setúbal,1701512,Município,20375
2023-01-01,Setúbal,1701512,Município,19952
2023-02-01,Setúbal,1701512,Município,20247
2023-03-01,Setúbal,1701512,Município,28710
2023-04-01,Setúbal,1701512,Município,34457
2023-05-01,Setúbal,1701512,Município,34999
2023-06-01,Setúbal,1701512,Município,34516
2023-07-01,Setúbal,1701512,Município,45906
2023-08-01,Setúbal,1701512,Município,53188
2023-09-01,Setúbal,1701512,Município,42214
2023-10-01,Setúbal,1701512,Município,34103
2023-11-01,Setúbal,1701512,Município,22534
2023-12-01,Setúbal,1701512,Município,23859
2024-01-01,Setúbal,1701512,Município,19337
2024-02-01,Setúbal,1701512,Município,20644
2024-03-01,Setúbal,1701512,Município,30119
2024-04-01,Setúbal,1701512,Município,32272
2024-05-01,Setúbal,1701512,Município,39335
2024-06-01,Setúbal,1701512,Município,39108
2024-07-01,Setúbal,1701512,Município,49055
2024-08-01,Setúbal,1701512,Município,56319
2024-09-01,Setúbal,1701512,Município,44022
2024-10-01,Setúbal,1701512,Município,34932
2024-11-01,Setúbal,1701512,Município,25568
2024-12-01,Setúbal,1701512,Município,20290
2025-01-01,Setúbal,1701512,Município,19598
2025-02-01,Setúbal,1701512,Município,22231
2025-03-01,Setúbal,1701512,Município,30360
2025-04-01,Setúbal,1701512,Município,34326
2025-05-01,Setúbal,1701512,Município,38465
2025-06-01,Setúbal,1701512,Município,40929
2025-07-01,Setúbal,1701512,Município,50258
2025-08-01,Setúbal,1701512,Município,56965
2025-09-01,Setúbal,1701512,Município,46195
2025-10-01,Setúbal,1701512,Município,37783
2025-11-01,Setúbal,1701512,Município,25735
2025-12-01,Setúbal,1701512,Município,22433
2026-01-01,Setúbal,1701512,Município,20094
2026-02-01,Setúbal,1701512,Município,23434
2020-01-01,Sintra,1701111,Município,35693
2020-02-01,Sintra,1701111,Município,37928
2020-03-01,Sintra,1701111,Município,12530
2020-04-01,Sintra,1701111,Município,2642
2020-05-01,Sintra,1701111,Município,5824
2020-06-01,Sintra,1701111,Município,10899
2020-07-01,Sintra,1701111,Município,19502
2020-08-01,Sintra,1701111,Município,36186
2020-09-01,Sintra,1701111,Município,29920
2020-10-01,Sintra,1701111,Município,25638
2020-11-01,Sintra,1701111,Município,13476
2020-12-01,Sintra,1701111,Município,17540
2021-01-01,Sintra,1701111,Município,11341
2021-02-01,Sintra,1701111,Município,8561
2021-03-01,Sintra,1701111,Município,11063
2021-04-01,Sintra,1701111,Município,16537
2021-05-01,Sintra,1701111,Município,26898
2021-06-01,Sintra,1701111,Município,33826
2021-07-01,Sintra,1701111,Município,38257
2021-08-01,Sintra,1701111,Município,67273
2021-09-01,Sintra,1701111,Município,48818
2021-10-01,Sintra,1701111,Município,53696
2021-11-01,Sintra,1701111,Município,40671
2021-12-01,Sintra,1701111,Município,33957
2022-01-01,Sintra,1701111,Município,22468
2022-02-01,Sintra,1701111,Município,32518
2022-03-01,Sintra,1701111,Município,38561
2022-04-01,Sintra,1701111,Município,58550
2022-05-01,Sintra,1701111,Município,59521
2022-06-01,Sintra,1701111,Município,65612
2022-07-01,Sintra,1701111,Município,77425
2022-08-01,Sintra,1701111,Município,82240
2022-09-01,Sintra,1701111,Município,66688
2022-10-01,Sintra,1701111,Município,65900
2022-11-01,Sintra,1701111,Município,44659
2022-12-01,Sintra,1701111,Município,41333
2023-01-01,Sintra,1701111,Município,33865
2023-02-01,Sintra,1701111,Município,37068
2023-03-01,Sintra,1701111,Município,46108
2023-04-01,Sintra,1701111,Município,62500
2023-05-01,Sintra,1701111,Município,63373
2023-06-01,Sintra,1701111,Município,64918
2023-07-01,Sintra,1701111,Município,75216
2023-08-01,Sintra,1701111,Município,84061
2023-09-01,Sintra,1701111,Município,70800
2023-10-01,Sintra,1701111,Município,65838
2023-11-01,Sintra,1701111,Município,45660
2023-12-01,Sintra,1701111,Município,44940
2024-01-01,Sintra,1701111,Município,36197
2024-02-01,Sintra,1701111,Município,39142
2024-03-01,Sintra,1701111,Município,52403
2024-04-01,Sintra,1701111,Município,60889
2024-05-01,Sintra,1701111,Município,71687
2024-06-01,Sintra,1701111,Município,70177
2024-07-01,Sintra,1701111,Município,79729
2024-08-01,Sintra,1701111,Município,86708
2024-09-01,Sintra,1701111,Município,72708
2024-10-01,Sintra,1701111,Município,70291
2024-11-01,Sintra,1701111,Município,50076
2024-12-01,Sintra,1701111,Município,45041
2025-01-01,Sintra,1701111,Município,38166
2025-02-01,Sintra,1701111,Município,40258
2025-03-01,Sintra,1701111,Município,50938
2025-04-01,Sintra,1701111,Município,65812
2025-05-01,Sintra,1701111,Município,72122
2025-06-01,Sintra,1701111,Município,67427
2025-07-01,Sintra,1701111,Município,80698
2025-08-01,Sintra,1701111,Município,90038
2025-09-01,Sintra,1701111,Município,74948
2025-10-01,Sintra,1701111,Município,69799
2025-11-01,Sintra,1701111,Município,51773
2025-12-01,Sintra,1701111,Município,46141
2026-01-01,Sintra,1701111,Município,40963
2026-02-01,Sintra,1701111,Município,42117
2020-01-01,Vila Franca de Xira,1701114,Município,4889
2020-02-01,Vila Franca de Xira,1701114,Município,3771
2020-03-01,Vila Franca de Xira,1701114,Município,2013
2020-04-01,Vila Franca de Xira,1701114,Município,804
2020-05-01,Vila Franca de Xira,1701114,Município,729
2020-06-01,Vila Franca de Xira,1701114,Município,1927
2020-07-01,Vila Franca de Xira,1701114,Município,2877
2020-10-01,Vila Franca de Xira,1701114,Município,3072
2020-11-01,Vila Franca de Xira,1701114,Município,1878
2020-12-01,Vila Franca de Xira,1701114,Município,1574
2021-01-01,Vila Franca de Xira,1701114,Município,2370
2021-03-01,Vila Franca de Xira,1701114,Município,2455
2021-04-01,Vila Franca de Xira,1701114,Município,2523
2021-06-01,Vila Franca de Xira,1701114,Município,2925
2021-07-01,Vila Franca de Xira,1701114,Município,3402
2021-08-01,Vila Franca de Xira,1701114,Município,3711
2021-09-01,Vila Franca de Xira,1701114,Município,3435
2021-10-01,Vila Franca de Xira,1701114,Município,4058
2021-11-01,Vila Franca de Xira,1701114,Município,3616
2021-12-01,Vila Franca de Xira,1701114,Município,2162
2022-01-01,Vila Franca de Xira,1701114,Município,2260
2022-02-01,Vila Franca de Xira,1701114,Município,3176
2022-03-01,Vila Franca de Xira,1701114,Município,4197
2022-04-01,Vila Franca de Xira,1701114,Município,4897
2022-05-01,Vila Franca de Xira,1701114,Município,5487
2022-06-01,Vila Franca de Xira,1701114,Município,5284
2022-07-01,Vila Franca de Xira,1701114,Município,6121
2022-08-01,Vila Franca de Xira,1701114,Município,7244
2022-09-01,Vila Franca de Xira,1701114,Município,6717
2022-10-01,Vila Franca de Xira,1701114,Município,6266
2022-11-01,Vila Franca de Xira,1701114,Município,5865
2022-12-01,Vila Franca de Xira,1701114,Município,4981
2023-01-01,Vila Franca de Xira,1701114,Município,5357
2023-02-01,Vila Franca de Xira,1701114,Município,5197
2023-03-01,Vila Franca de Xira,1701114,Município,6213
2023-04-01,Vila Franca de Xira,1701114,Município,5785
2023-05-01,Vila Franca de Xira,1701114,Município,6814
2023-06-01,Vila Franca de Xira,1701114,Município,6062
2023-07-01,Vila Franca de Xira,1701114,Município,6625
2023-08-01,Vila Franca de Xira,1701114,Município,7116
2023-09-01,Vila Franca de Xira,1701114,Município,6781
2023-10-01,Vila Franca de Xira,1701114,Município,6631
2023-11-01,Vila Franca de Xira,1701114,Município,6166
2023-12-01,Vila Franca de Xira,1701114,Município,4062
2024-01-01,Vila Franca de Xira,1701114,Município,4744
2024-02-01,Vila Franca de Xira,1701114,Município,4777
2024-03-01,Vila Franca de Xira,1701114,Município,5252
2024-04-01,Vila Franca de Xira,1701114,Município,5712
2024-05-01,Vila Franca de Xira,1701114,Município,7302
2024-06-01,Vila Franca de Xira,1701114,Município,6428
2024-07-01,Vila Franca de Xira,1701114,Município,6396
2024-08-01,Vila Franca de Xira,1701114,Município,5785
2024-09-01,Vila Franca de Xira,1701114,Município,6287
2024-10-01,Vila Franca de Xira,1701114,Município,6182
2024-11-01,Vila Franca de Xira,1701114,Município,5267
2024-12-01,Vila Franca de Xira,1701114,Município,3642
2025-01-01,Vila Franca de Xira,1701114,Município,4783
2025-02-01,Vila Franca de Xira,1701114,Município,4466
2025-03-01,Vila Franca de Xira,1701114,Município,6382
2025-04-01,Vila Franca de Xira,1701114,Município,5410
2025-05-01,Vila Franca de Xira,1701114,Município,6636
2025-06-01,Vila Franca de Xira,1701114,Município,6234
2025-07-01,Vila Franca de Xira,1701114,Município,6712
2025-08-01,Vila Franca de Xira,1701114,Município,6935
2025-09-01,Vila Franca de Xira,1701114,Município,8519
2025-10-01,Vila Franca de Xira,1701114,Município,8084
2025-11-01,Vila Franca de Xira,1701114,Município,5350
2025-12-01,Vila Franca de Xira,1701114,Município,4626
2026-01-01,Vila Franca de Xira,1701114,Município,4877
2026-02-01,Vila Franca de Xira,1701114,Município,4889
2020-01-01,Área Metropolitana de Lisboa,170,NUTS-III,1082826
2020-02-01,Área Metropolitana de Lisboa,170,NUTS-III,1113308
2020-03-01,Área Metropolitana de Lisboa,170,NUTS-III,510510
2020-04-01,Área Metropolitana de Lisboa,170,NUTS-III,40771
2020-05-01,Área Metropolitana de Lisboa,170,NUTS-III,66383
2020-06-01,Área Metropolitana de Lisboa,170,NUTS-III,138646
2020-07-01,Área Metropolitana de Lisboa,170,NUTS-III,319160
2020-08-01,Área Metropolitana de Lisboa,170,NUTS-III,628027
2020-09-01,Área Metropolitana de Lisboa,170,NUTS-III,503158
2020-10-01,Área Metropolitana de Lisboa,170,NUTS-III,396225
2020-11-01,Área Metropolitana de Lisboa,170,NUTS-III,215790
2020-12-01,Área Metropolitana de Lisboa,170,NUTS-III,239550
2021-01-01,Área Metropolitana de Lisboa,170,NUTS-III,186812
2021-02-01,Área Metropolitana de Lisboa,170,NUTS-III,123161
2021-03-01,Área Metropolitana de Lisboa,170,NUTS-III,153987
2021-04-01,Área Metropolitana de Lisboa,170,NUTS-III,222261
2021-05-01,Área Metropolitana de Lisboa,170,NUTS-III,397428
2021-06-01,Área Metropolitana de Lisboa,170,NUTS-III,551385
2021-07-01,Área Metropolitana de Lisboa,170,NUTS-III,651841
2021-08-01,Área Metropolitana de Lisboa,170,NUTS-III,1166724
2021-09-01,Área Metropolitana de Lisboa,170,NUTS-III,1056749
2021-10-01,Área Metropolitana de Lisboa,170,NUTS-III,1330915
2021-11-01,Área Metropolitana de Lisboa,170,NUTS-III,1111639
2021-12-01,Área Metropolitana de Lisboa,170,NUTS-III,778611
2022-01-01,Área Metropolitana de Lisboa,170,NUTS-III,545970
2022-02-01,Área Metropolitana de Lisboa,170,NUTS-III,851588
2022-03-01,Área Metropolitana de Lisboa,170,NUTS-III,1207259
2022-04-01,Área Metropolitana de Lisboa,170,NUTS-III,1595713
2022-05-01,Área Metropolitana de Lisboa,170,NUTS-III,1703747
2022-06-01,Área Metropolitana de Lisboa,170,NUTS-III,1752836
2022-07-01,Área Metropolitana de Lisboa,170,NUTS-III,1963373
2022-08-01,Área Metropolitana de Lisboa,170,NUTS-III,2093697
2022-09-01,Área Metropolitana de Lisboa,170,NUTS-III,1871477
2022-10-01,Área Metropolitana de Lisboa,170,NUTS-III,1812208
2022-11-01,Área Metropolitana de Lisboa,170,NUTS-III,1399325
2022-12-01,Área Metropolitana de Lisboa,170,NUTS-III,1186506
2023-01-01,Área Metropolitana de Lisboa,170,NUTS-III,1123648
2023-02-01,Área Metropolitana de Lisboa,170,NUTS-III,1230929
2023-03-01,Área Metropolitana de Lisboa,170,NUTS-III,1576798
2023-04-01,Área Metropolitana de Lisboa,170,NUTS-III,1809425
2023-05-01,Área Metropolitana de Lisboa,170,NUTS-III,1914989
2023-06-01,Área Metropolitana de Lisboa,170,NUTS-III,1825243
2023-07-01,Área Metropolitana de Lisboa,170,NUTS-III,1978727
2023-08-01,Área Metropolitana de Lisboa,170,NUTS-III,2128028
2023-09-01,Área Metropolitana de Lisboa,170,NUTS-III,1987962
2023-10-01,Área Metropolitana de Lisboa,170,NUTS-III,1947186
2023-11-01,Área Metropolitana de Lisboa,170,NUTS-III,1461593
2023-12-01,Área Metropolitana de Lisboa,170,NUTS-III,1253949
2024-01-01,Área Metropolitana de Lisboa,170,NUTS-III,1081474
2024-02-01,Área Metropolitana de Lisboa,170,NUTS-III,1320311
2024-03-01,Área Metropolitana de Lisboa,170,NUTS-III,1718357
2024-04-01,Área Metropolitana de Lisboa,170,NUTS-III,1806796
2024-05-01,Área Metropolitana de Lisboa,170,NUTS-III,2039161
2024-06-01,Área Metropolitana de Lisboa,170,NUTS-III,1920105
2024-07-01,Área Metropolitana de Lisboa,170,NUTS-III,2060353
2024-08-01,Área Metropolitana de Lisboa,170,NUTS-III,2237606
2024-09-01,Área Metropolitana de Lisboa,170,NUTS-III,2028446
2024-10-01,Área Metropolitana de Lisboa,170,NUTS-III,1993507
2024-11-01,Área Metropolitana de Lisboa,170,NUTS-III,1540572
2024-12-01,Área Metropolitana de Lisboa,170,NUTS-III,1277826
2025-01-01,Área Metropolitana de Lisboa,170,NUTS-III,1152736
2025-02-01,Área Metropolitana de Lisboa,170,NUTS-III,1258562
2025-03-01,Área Metropolitana de Lisboa,170,NUTS-III,1669646
2025-04-01,Área Metropolitana de Lisboa,170,NUTS-III,1877765
2025-05-01,Área Metropolitana de Lisboa,170,NUTS-III,2030751
2025-06-01,Área Metropolitana de Lisboa,170,NUTS-III,1927901
2025-07-01,Área Metropolitana de Lisboa,170,NUTS-III,2127344
2025-08-01,Área Metropolitana de Lisboa,170,NUTS-III,2283399
2025-09-01,Área Metropolitana de Lisboa,170,NUTS-III,2047449
2025-10-01,Área Metropolitana de Lisboa,170,NUTS-III,2046907
2025-11-01,Área Metropolitana de Lisboa,170,NUTS-III,1542992
2025-12-01,Área Metropolitana de Lisboa,170,NUTS-III,1304789
2026-01-01,Área Metropolitana de Lisboa,170,NUTS-III,1201495
2026-02-01,Área Metropolitana de Lisboa,170,NUTS-III,1285656
